,index,State,Automobiles,Buses,Trucks,Automobiles Per Capita,Motorcicles,Year
0,0,Alabama,1842094.0,8451.0,25499,3552835.0,37445.429653593645,1995
1,1,Alaska,304543.0,2008.0,8049,542186.0,12909.501173757531,1995
2,2,Arizona,1881072.0,4429.0,17564,2873325.0,68379.4421492482,1995
3,3,Arkansas,807233.0,5661.0,10901,1613199.0,17195.321223108913,1995
4,4,California,14849807.0,42899.0,240141,22431749.0,518927.464625943,1995
5,5,Colorado,1704804.0,5609.0,24627,2811790.0,88058.45243281548,1995
6,6,Connecticut  6/,2079287.0,8749.0,24876,2622256.0,48690.63154945457,1995
7,7,Delaware,404771.0,2134.0,2420,591908.0,9141.554844763712,1995
8,8,Dist. of Col.,206111.0,2717.0,6186,242695.0,1193.3641115296903,1995
9,9,Florida,7594878.0,40264.0,133875,10369395.0,184526.52968147417,1995
10,10,Georgia,4225580.0,15551.0,55490,6120197.0,71392.58373654782,1995
11,11,Hawaii,533127.0,4383.0,6687,802126.0,12901.444272274954,1995
12,12,Idaho,586566.0,3361.0,19973,1043074.0,33362.49950097184,1995
13,13,Illinois,6611668.0,16428.0,17513,8973009.0,184101.55393729807,1995
14,14,Indiana,3370297.0,24290.0,37138,5071962.0,95936.57714426419,1995
15,15,Iowa,1828736.0,9402.0,26260,2814018.0,111342.63939440432,1995
16,16,Kansas,1085649.0,3779.0,17485,2084508.0,42825.420367687875,1995
17,17,Kentucky,1629780.0,11627.0,6755,2631396.0,32992.416725061456,1995
18,18,Louisiana,1958314.0,20345.0,20534,3285581.0,36318.44378898537,1995
19,19,Maine,624071.0,2776.0,10750,966845.0,25886.498119837408,1995
20,20,Maryland,2705080.0,11225.0,21697,3654199.0,38698.53389035225,1995
21,21,Massachusetts,3507025.0,10926.0,33249,4501969.0,74237.57486626437,1995
22,22,Michigan,5314815.0,24249.0,72596,7674090.0,126590.55184304109,1995
23,23,Minnesota,2552004.0,15652.0,25666,3881829.0,117592.55115924598,1995
24,24,Mississippi,1408232.0,9684.0,17280,2143553.0,29636.518305173096,1995
25,25,Missouri,2746607.0,12256.0,16273,4255023.0,54900.514513790964,1995
26,26,Montana,538450.0,2994.0,16631,968468.0,20824.610981970192,1995
27,27,Nebraska,848757.0,5795.0,15619,1466635.0,18732.51223862509,1995
28,28,Nevada,593154.0,1744.0,13838,1047226.0,21215.381344976955,1995
29,29,New Hampshire  6/,731463.0,1763.0,10007,1122028.0,49445.633868145786,1995
30,30,New Jersey  6/,4689104.0,19614.0,93452,5906316.0,87918.58362052626,1995
31,31,New Mexico,832075.0,3435.0,20205,1483727.0,30946.486086100576,1995
32,32,New York  6/,7917332.0,45776.0,99798,10274036.0,168248.4326603967,1995
33,33,North Carolina,3685161.0,35323.0,55991,5682255.0,66748.50758845765,1995
34,34,North Dakota,371658.0,2176.0,8906,694675.0,16864.573401812067,1995
35,35,Ohio,7193203.0,32815.0,65477,9810270.0,217917.64169330074,1995
36,36,Oklahoma,1629491.0,14786.0,41765,2856079.0,55146.493908356715,1995
37,37,Oregon,1629074.0,11542.0,27080,2784972.0,60489.5114505737,1995
38,38,Pennsylvania  6/,6013649.0,33874.0,58226,8480526.0,170322.4946890458,1995
39,39,Rhode Island  6/,545213.0,1691.0,5515,699210.0,16893.54762102013,1995
40,40,South Carolina,1865265.0,14988.0,23008,2833331.0,34355.50517506528,1995
41,41,South Dakota,379588.0,2563.0,12176,708613.0,25155.51463580574,1995
42,42,Tennessee,3935397.0,17106.0,54333,5400293.0,69840.74457915267,1995
43,43,Texas,8604958.0,71776.0,230056,13681735.0,125890.45007829794,1995
44,44,Utah,799879.0,1206.0,13910,1446866.0,22000.405034211195,1995
45,45,Vermont,317234.0,1889.0,6324,492259.0,18113.53717267101,1995
46,46,Virginia,3975591.0,17235.0,34303,5613133.0,57832.59556962618,1995
47,47,Washington,2959803.0,7682.0,37194,4502778.0,95047.5417691965,1995
48,48,West Virginia,856581.0,3492.0,33449,1425209.0,17831.459143719847,1995
49,49,Wisconsin,2423765.0,12916.0,40685,3993328.0,168287.47055781807,1995
50,50,Wyoming,368049.0,2468.0,10925,601336.0,16510.75732635823,1995
51,2,Alabama,1761297.0,8514.0,25654,3406716.0,36225.40868141136,1996
52,3,Alaska,228477.0,2034.0,8080,538426.0,13116.373102781352,1996
53,4,Arizona,1765844.0,4403.0,17688,3011667.0,71442.39511227018,1996
54,5,Arkansas,862334.0,5736.0,10953,1626552.0,16471.339828424098,1996
55,6,California,15398720.0,43726.0,244907,24391430.0,512835.4775492582,1996
56,7,Colorado,1900913.0,5686.0,24789,3438108.0,94154.49470815732,1996
57,8,Connecticut  4/,1941328.0,9069.0,25203,2620220.0,48056.589479750706,1996
58,9,Delaware,398155.0,2092.0,2529,605601.0,9962.539720380442,1996
59,10,Dist. of Col.,199722.0,2672.0,6228,238181.0,1169.4997005226312,1996
60,11,Florida,7285563.0,41161.0,136321,10767209.0,197692.4994569786,1996
61,12,Georgia,3840559.0,16086.0,56970,6359373.0,72538.51920103084,1996
62,13,Hawaii,505424.0,4164.0,6364,786748.0,24797.422084389676,1996
63,14,Idaho,484745.0,3523.0,19849,1056407.0,33910.40289728577,1996
64,15,Illinois,6293249.0,16244.0,16851,8860356.0,170988.5260452331,1996
65,16,Indiana,3166841.0,24845.0,37879,5241062.0,96052.53857647802,1996
66,17,Iowa,1653777.0,8088.0,26246,2852894.0,131671.5757874347,1996
67,18,Kansas,1158107.0,3798.0,17748,2120836.0,48535.44737826332,1996
68,19,Kentucky,1606199.0,12166.0,7476,2742089.0,36599.408082914255,1996
69,20,Louisiana,1903241.0,20521.0,20949,3360220.0,36605.42994874935,1996
70,21,Maine,578024.0,2762.0,10853,967127.0,26684.460715538127,1996
71,22,Maryland,2570020.0,11362.0,21876,3697158.0,37823.50416692628,1996
72,23,Massachusetts,3543725.0,11320.0,34075,4736464.0,90838.57905157155,1996
73,24,Michigan,5090734.0,24604.0,73273,8001855.0,148647.52585396613,1996
74,25,Minnesota,2273431.0,14618.0,23184,3794754.0,115927.48590394777,1996
75,26,Mississippi,1267644.0,9748.0,17719,2185156.0,30161.462822082274,1996
76,27,Missouri,2576039.0,12379.0,16294,4387601.0,54080.47930409137,1996
77,28,Montana,437080.0,2789.0,15391,973961.0,20769.490330599565,1996
78,29,Nebraska,807246.0,6255.0,16176,1487573.0,18367.482234958927,1996
79,30,Nevada,619282.0,1708.0,13904,1069571.0,22013.38023644508,1996
80,31,New Hampshire  4/,736751.0,1832.0,10407,1130648.0,51890.63054277877,1996
81,32,New Jersey  4/,4397727.0,19432.0,95999,5872812.0,91350.54428185614,1996
82,33,New Mexico,772175.0,3477.0,20507,1496546.0,31333.44304476403,1996
83,34,New York  4/,7984694.0,44882.0,99884,10735486.0,134820.43523675355,1996
84,35,North Carolina,3508344.0,34957.0,55819,5819099.0,67353.47433956905,1996
85,36,North Dakota,338132.0,2267.0,8968,694613.0,16363.51918531744,1996
86,37,Ohio,6609252.0,33599.0,67003,9894351.0,219095.5879919612,1996
87,38,Oklahoma,1685876.0,15174.0,42629,3084354.0,58869.507452205486,1996
88,39,Oregon,1527945.0,12665.0,29322,2815980.0,60005.4690013375,1996
89,40,Pennsylvania  4/,5935633.0,34692.0,58972,8638209.0,177500.48881579732,1996
90,41,Rhode Island  4/,510951.0,1766.0,5601,699784.0,16966.51277840895,1996
91,42,South Carolina,1763547.0,15056.0,23767,2827122.0,39000.474152591174,1996
92,43,South Dakota,370349.0,2571.0,12241,713151.0,24704.49959790007,1996
93,44,Tennessee,2996632.0,17299.0,54825,4884132.0,78651.55916832185,1996
94,45,Texas,7579106.0,76169.0,236531,13710384.0,144484.38640637536,1996
95,46,Utah,811383.0,1214.0,14122,1478899.0,23000.400759012526,1996
96,47,Vermont,300955.0,1903.0,6568,509696.0,18256.505762298395,1996
97,48,Virginia,3637721.0,17417.0,34855,5629455.0,57188.53976697604,1996
98,49,Washington,2636630.0,7842.0,37605,4584820.0,103714.47331698397,1996
99,50,West Virginia,802120.0,3429.0,32827,1432205.0,15424.430090253123,1996
100,51,Wisconsin,2473218.0,12529.0,41391,4042034.0,168939.47672940494,1996
101,52,Wyoming,231480.0,2536.0,11160,550555.0,14902.471491483175,1996
102,2,Alabama,1905811.0,8576.0,25801,3669439.0,38544.44,1997
103,3,Alaska,224770.0,2078.0,7981,542398.0,13462.37,1997
104,4,Arizona,1852690.0,4486.0,17795,3143143.0,73896.4,1997
105,5,Arkansas,857314.0,5814.0,11001,1633830.0,14311.34,1997
106,6,California,15705806.0,44469.0,248550,24944976.0,441009.48,1997
107,7,Colorado,1919850.0,5721.0,24971,3522590.0,95096.49,1997
108,8,Connecticut  4/,1963185.0,9486.0,25527,2659518.0,48264.6,1997
109,9,Delaware,403797.0,2045.0,2713,613701.0,9911.54,1997
110,10,Dist. of Col.,196077.0,2622.0,6259,233670.0,1146.36,1997
111,11,Florida,7374840.0,42076.0,138786,10874031.0,203779.5,1997
112,12,Georgia,3688005.0,16499.0,58480,6242207.0,74643.49,1997
113,13,Hawaii,442889.0,3959.0,6093,692804.0,21226.37,1997
114,14,Idaho,494486.0,3643.0,17503,1081052.0,34935.4,1997
115,15,Illinois,5853560.0,16817.0,16237,8442822.0,181696.49,1997
116,16,Indiana,3247725.0,25408.0,38625,5345776.0,98001.55,1997
117,17,Iowa,1636347.0,8035.0,25454,2851383.0,131800.57,1997
118,18,Kansas,1137271.0,3813.0,17975,2152107.0,47750.44,1997
119,19,Kentucky,1633671.0,11812.0,7470,2780806.0,38656.41,1997
120,20,Louisiana,1930142.0,20585.0,21365,3411023.0,37574.44,1997
121,21,Maine,637418.0,2824.0,10952,1058599.0,28076.51,1997
122,22,Maryland,2628171.0,11567.0,22043,3786054.0,38591.51,1997
123,23,Massachusetts,3832386.0,11363.0,34910,5070432.0,88800.62,1997
124,24,Michigan,5110851.0,24771.0,73940,8023731.0,154335.52,1997
125,25,Minnesota,2317021.0,13817.0,21309,3927249.0,123624.49,1997
126,26,Mississippi,1262969.0,10081.0,18067,2233797.0,30856.46,1997
127,27,Missouri,2549791.0,12745.0,16726,4350544.0,55490.47,1997
128,28,Montana,455140.0,2820.0,16717,979700.0,21304.51,1997
129,29,Nebraska,811678.0,5497.0,17247,1506996.0,17816.48,1997
130,30,Nevada,659079.0,1748.0,13956,1145656.0,23325.39,1997
131,31,New Hampshire  4/,739132.0,1789.0,10825,1127387.0,47312.63,1997
132,32,New Jersey  4/,4268888.0,19327.0,98602,5816580.0,93662.52,1997
133,33,New Mexico,779596.0,3542.0,20799,1514499.0,31154.44,1997
134,34,New York  4/,8063496.0,46192.0,101015,10873248.0,134363.44,1997
135,35,North Carolina,3479993.0,29861.0,45899,5785533.0,69814.46,1997
136,36,North Dakota,336610.0,2283.0,8573,695106.0,16021.52,1997
137,37,Ohio,6700396.0,34444.0,68549,10107651.0,219424.6,1997
138,38,Oklahoma,1528947.0,15538.0,43506,2883719.0,51984.46,1997
139,39,Oregon,1578081.0,12596.0,28742,2890952.0,62025.48,1997
140,40,Pennsylvania  4/,6050365.0,33912.0,60393,8824947.0,182064.5,1997
141,41,Rhode Island  4/,515446.0,1745.0,5576,709680.0,17669.52,1997
142,42,South Carolina,1765458.0,15203.0,24158,2850361.0,39634.47,1997
143,43,South Dakota,377737.0,2699.0,13015,718403.0,24561.51,1997
144,44,Tennessee,2755950.0,17400.0,55302,4534842.0,56009.51,1997
145,45,Texas,7085404.0,77864.0,243194,12923253.0,128814.35,1997
146,46,Utah,850812.0,1223.0,14326,1529509.0,23000.41,1997
147,47,Vermont,290593.0,1916.0,6540,495716.0,18856.49,1997
148,48,Virginia,3630241.0,17477.0,34805,5708991.0,55966.53,1997
149,49,Washington,2690616.0,8476.0,38211,4702152.0,103820.48,1997
150,50,West Virginia,754685.0,3306.0,32212,1354992.0,17016.41,1997
151,51,Wisconsin,2551207.0,12972.0,42100,4232731.0,190012.49,1997
152,52,Wyoming,222311.0,2606.0,11392,553374.0,15207.45,1997
153,2,Alabama,2062734.0,8641.0,26160,3858928.0,44058.47,1998
154,3,Alaska,232170.0,2196.0,8093,545865.0,13692.38,1998
155,4,Arizona,1728185.0,4454.0,18299,2944016.0,53594.37,1998
156,5,Arkansas,928958.0,5995.0,11167,1754215.0,21051.36,1998
157,6,California,16174220.0,45426.0,255530,25600250.0,390418.49,1998
158,7,Colorado,1843385.0,5720.0,25530,3466094.0,97167.46,1998
159,8,Connecticut  4/,1998457.0,9739.0,26043,2700633.0,50309.61,1998
160,9,Delaware,416709.0,2011.0,2759,616492.0,10141.55,1998
161,10,Dist. of Col.,192097.0,2582.0,6450,228716.0,1123.36,1998
162,11,Florida,7437597.0,43077.0,141942,11276389.0,216218.49,1998
163,12,Georgia,4032998.0,17068.0,60345,6893319.0,85262.52,1998
164,13,Hawaii,449731.0,4107.0,6820,703836.0,20155.37,1998
165,14,Idaho,501509.0,3604.0,17899,1118893.0,34398.4,1998
166,15,Illinois,6425276.0,17508.0,16143,9306710.0,204141.53,1998
167,16,Indiana,3273026.0,25905.0,39578,5371653.0,102363.55,1998
168,17,Iowa,1737582.0,8103.0,26444,3053135.0,128350.6,1998
169,18,Kansas,1127367.0,3804.0,17956,2121410.0,47333.43,1998
170,19,Kentucky,1715524.0,12034.0,7752,2844612.0,39900.43,1998
171,20,Louisiana,1966954.0,20926.0,21999,3430717.0,39152.44,1998
172,21,Maine,565338.0,2899.0,11103,929605.0,28026.45,1998
173,22,Maryland,2621923.0,11736.0,22504,3750275.0,42531.51,1998
174,23,Massachusetts,3782940.0,11554.0,36063,5159168.0,99583.61,1998
175,24,Michigan,5104781.0,25142.0,74986,8128150.0,153007.52,1998
176,25,Minnesota,2412412.0,14719.0,22960,4177841.0,127842.51,1998
177,26,Mississippi,1250200.0,10185.0,21850,2255744.0,31138.45,1998
178,27,Missouri,2600722.0,13166.0,16937,4377520.0,53616.48,1998
179,28,Montana,458116.0,2798.0,17036,988277.0,21478.51,1998
180,29,Nebraska,834188.0,5559.0,17570,1525998.0,18412.49,1998
181,30,Nevada,665940.0,1706.0,14281,1220277.0,24250.38,1998
182,31,New Hampshire  4/,687770.0,1735.0,10878,1038465.0,46040.58,1998
183,32,New Jersey  4/,4215195.0,19581.0,101716,5780336.0,100042.51,1998
184,33,New Mexico,821031.0,3632.0,21382,1594792.0,32122.46,1998
185,34,New York  4/,7664320.0,48636.0,99783,10422033.0,137528.42,1998
186,35,North Carolina,3530711.0,30739.0,47465,5861830.0,74650.46,1998
187,36,North Dakota,330275.0,2299.0,8624,672158.0,16138.51,1998
188,37,Ohio,6664356.0,35530.0,70515,10039488.0,228592.59,1998
189,38,Oklahoma,1548949.0,15935.0,44606,2919186.0,52986.46,1998
190,39,Oregon,1588313.0,12755.0,30012,2980064.0,63659.48,1998
191,40,Pennsylvania  4/,6131725.0,35309.0,61698,8978814.0,190009.51,1998
192,41,Rhode Island  4/,522292.0,1831.0,4933,715017.0,17610.53,1998
193,42,South Carolina,1822640.0,15399.0,24764,2893061.0,40893.47,1998
194,43,South Dakota,381752.0,2696.0,13134,768507.0,25188.51,1998
195,44,Tennessee,2695539.0,17576.0,56186,4469065.0,59397.49,1998
196,45,Texas,7455714.0,80091.0,253200,13324167.0,144068.37,1998
197,46,Utah,850487.0,1232.0,14723,1532253.0,24300.4,1998
198,47,Vermont,295664.0,1931.0,6651,496153.0,16684.49,1998
199,48,Virginia,3774372.0,17783.0,35540,5818294.0,57206.55,1998
200,49,Washington,2776482.0,9088.0,39224,4823987.0,105607.48,1998
201,50,West Virginia,776583.0,3299.0,31697,1377835.0,21871.42,1998
202,51,Wisconsin,2544109.0,13438.0,43024,4203319.0,169662.48,1998
203,52,Wyoming,219220.0,2661.0,11754,558991.0,15742.45,1998
204,2,Alabama,1918032.0,8708.0,26551,3957249.0,48715.44,1999
205,3,Alaska,238202.0,2372.0,9216,571469.0,14887.38,1999
206,4,Arizona,2037370.0,4551.0,18861,3606227.0,144380.42,1999
207,5,Arkansas,945871.0,6468.0,11351,1817825.0,21767.37,1999
208,6,California,16657441.0,47017.0,263677,26362468.0,405665.5,1999
209,7,Colorado,2053579.0,5803.0,26148,3858148.0,94951.5,1999
210,8,Connecticut  4/,1994380.0,10011.0,26592,2766171.0,53220.6,1999
211,9,Delaware,401917.0,1986.0,2736,615611.0,10671.52,1999
212,10,Dist. of Col.,197070.0,2609.0,6665,235498.0,1125.37,1999
213,11,Florida,7304601.0,44045.0,145241,11389713.0,229713.48,1999
214,12,Georgia,4011725.0,17520.0,62303,6972710.0,85957.51,1999
215,13,Hawaii,454341.0,4184.0,6856,718107.0,19024.38,1999
216,14,Idaho,494220.0,3580.0,17852,1129643.0,40635.39,1999
217,15,Illinois,6307479.0,17691.0,16170,9355260.0,216565.51,1999
218,16,Indiana,3224493.0,26902.0,40577,5495087.0,108975.54,1999
219,17,Iowa,1723848.0,8115.0,26839,3049967.0,124978.6,1999
220,18,Kansas,1187320.0,3850.0,18825,2224348.0,49367.44,1999
221,19,Kentucky,1592519.0,12525.0,8146,2661989.0,41895.4,1999
222,20,Louisiana,1964922.0,21328.0,22673,3504662.0,42411.44,1999
223,21,Maine,550537.0,2930.0,11265,915455.0,30851.44,1999
224,22,Maryland,2665572.0,11476.0,23009,3896297.0,45866.51,1999
225,23,Massachusetts,3822524.0,11710.0,37284,5333188.0,103107.62,1999
226,24,Michigan,5069808.0,25536.0,76095,8289644.0,166517.51,1999
227,25,Minnesota,2265392.0,14664.0,22912,4009717.0,126535.47,1999
228,26,Mississippi,1299441.0,10544.0,17285,2316772.0,32200.47,1999
229,27,Missouri,2601830.0,13551.0,19094,4404244.0,57286.47,1999
230,28,Montana,455430.0,2811.0,17411,997905.0,22109.51,1999
231,29,Nebraska,833415.0,5797.0,18542,1569553.0,19367.49,1999
232,30,Nevada,620131.0,1771.0,14647,1162376.0,23038.34,1999
233,31,New Hampshire  4/,678497.0,1713.0,11823,1050898.0,47656.56,1999
234,32,New Jersey  4/,4341182.0,20565.0,96200,6102758.0,105077.53,1999
235,33,New Mexico,761012.0,3524.0,22012,1576482.0,30411.43,1999
236,34,New York  4/,7892118.0,50731.0,99511,10756026.0,142324.43,1999
237,35,North Carolina,3423588.0,29987.0,45945,5690440.0,78383.44,1999
238,36,North Dakota,342786.0,2289.0,8705,704412.0,16355.53,1999
239,37,Ohio,6651554.0,36364.0,72576,10235603.0,239818.59,1999
240,38,Oklahoma,1524424.0,16169.0,45757,2931486.0,52923.45,1999
241,39,Oregon,1559972.0,12920.0,30450,3012959.0,65761.46,1999
242,40,Pennsylvania  4/,6071724.0,34930.0,62629,9008600.0,199752.5,1999
243,41,Rhode Island  4/,535034.0,1900.0,5066,747010.0,19162.54,1999
244,42,South Carolina,1872502.0,15816.0,25408,3026247.0,46605.48,1999
245,43,South Dakota,379168.0,2721.0,13267,781961.0,25735.51,1999
246,44,Tennessee,2621508.0,17380.0,55740,4426519.0,62746.47,1999
247,45,Texas,7738292.0,82589.0,262004,14068720.0,163647.38,1999
248,46,Utah,856699.0,1242.0,15150,1577180.0,24500.4,1999
249,47,Vermont,301914.0,1938.0,6982,517615.0,17663.5,1999
250,48,Virginia,3769276.0,17854.0,35883,5871157.0,57085.54,1999
251,49,Washington,2741257.0,9137.0,39879,4862150.0,106533.47,1999
252,50,West Virginia,759648.0,3211.0,31204,1379131.0,18833.41,1999
253,51,Wisconsin,2520717.0,13032.0,43991,4265772.0,192133.48,1999
254,52,Wyoming,195762.0,2710.0,12138,528194.0,15861.4,1999
255,1,Alabama,1961806.0,8776.0,26742,3960149.0,54359.44,2000
256,2,Alaska,244305.0,2510.0,9796,594399.0,16063.39,2000
257,3,Arizona,2163141.0,4594.0,19050,3794538.0,164279.42,2000
258,4,Arkansas,951243.0,6684.0,11423,1840193.0,24998.35,2000
259,5,California,17321413.0,47312.0,271278,27697923.0,434257.51,2000
260,6,Colorado,1920757.0,5786.0,26410,3626012.0,98218.44,2000
261,7,Connecticut  4/,2009190.0,10529.0,26967,2853449.0,53742.59,2000
262,8,Delaware,400306.0,2042.0,2857,630446.0,10952.5,2000
263,9,Dist. of Col.,200288.0,2629.0,6737,242081.0,1127.34,2000
264,10,Florida,7352705.0,45011.0,147985,11781010.0,249276.45,2000
265,11,Georgia,4066530.0,18017.0,64016,7155006.0,86988.49,2000
266,12,Hawaii,459515.0,4301.0,7026,737551.0,19772.37,2000
267,13,Idaho,515266.0,3687.0,17975,1177700.0,42001.39,2000
268,14,Illinois,5953984.0,18298.0,15827,8972584.0,195443.47,2000
269,15,Indiana,3244937.0,27285.0,41412,5570942.0,117331.53,2000
270,16,Iowa,1751690.0,8223.0,31935,3106223.0,126421.6,2000
271,17,Kansas,826441.0,3864.0,19043,2296135.0,49548.3,2000
272,18,Kentucky,1673926.0,12934.0,8339,2826403.0,43990.41,2000
273,19,Louisiana,1964694.0,21484.0,23160,3556982.0,47736.43,2000
274,20,Maine,618283.0,3034.0,11796,1024096.0,28791.48,2000
275,21,Maryland,2605816.0,11852.0,23240,3847538.0,49296.49,2000
276,22,Massachusetts,3673638.0,11934.0,38255,5265399.0,106715.58,2000
277,23,Michigan,5023421.0,25827.0,76855,8435721.0,182213.5,2000
278,24,Minnesota,2625595.0,14765.0,23280,4629940.0,142799.53,2000
279,25,Mississippi,1318648.0,10374.0,17184,2289411.0,31845.46,2000
280,26,Missouri,2715215.0,12985.0,17494,4579629.0,60897.48,2000
281,27,Montana,466659.0,2795.0,17567,1026226.0,26402.51,2000
282,28,Nebraska,852481.0,6032.0,19358,1618933.0,20881.49,2000
283,29,Nevada,655592.0,1837.0,14754,1219725.0,24445.32,2000
284,30,New Hampshire  4/,670394.0,1733.0,10893,1051751.0,48651.54,2000
285,31,New Jersey  4/,4450719.0,21538.0,101003,6390031.0,111430.52,2000
286,32,New Mexico,729727.0,3440.0,22383,1528510.0,28291.39,2000
287,33,New York  4/,7501343.0,54083.0,101122,10234531.0,106371.39,2000
288,34,North Carolina,3743066.0,30631.0,46989,6222503.0,82302.46,2000
289,35,North Dakota,339237.0,2312.0,8792,693860.0,17003.52,2000
290,36,Ohio,6709706.0,37583.0,74324,10467476.0,253842.59,2000
291,37,Oklahoma,1587115.0,16593.0,46733,3014491.0,57284.46,2000
292,38,Oregon,1541253.0,13305.0,31069,3021574.0,68598.44,2000
293,39,Pennsylvania  4/,6032058.0,35699.0,64071,9259967.0,214630.49,2000
294,40,Rhode Island  4/,538975.0,1957.0,5155,759570.0,19432.51,2000
295,41,South Carolina,1924398.0,16218.0,25863,3094729.0,51436.48,2000
296,42,South Dakota,380281.0,2726.0,13296,792509.0,29175.5,2000
297,43,Tennessee,2854569.0,17221.0,54929,4819799.0,70846.5,2000
298,44,Texas,7616183.0,85397.0,270461,14070096.0,181787.35,2000
299,45,Utah,866723.0,1250.0,15407,1627606.0,28116.38,2000
300,46,Vermont,295640.0,2004.0,6663,514883.0,21740.48,2000
301,47,Virginia,3873910.0,18190.0,36532,6046127.0,60463.54,2000
302,48,Washington,2891430.0,9254.0,41340,5115866.0,117857.49,2000
303,49,West Virginia,795249.0,3204.0,30644,1441735.0,25705.43,2000
304,50,Wisconsin,2526849.0,13620.0,44780,4365525.0,178897.47,2000
305,51,Wyoming,215110.0,2766.0,12419,585690.0,19121.43,2000
306,1,Alabama,1765088.0,8826.0,26893,4235089.0,54507.39335004835,2001
307,2,Alaska,242293.0,2568.0,9936,597734.0,16744.38246572196,2001
308,3,Arizona,2263970.0,4725.0,19159,3967117.0,190539.43797196914,2001
309,4,Arkansas,973531.0,6936.0,11472,1863798.0,29264.360556594598,2001
310,5,California,17918760.0,49041.0,280402,28780056.0,473258.52335755853,2001
311,6,Colorado,2367565.0,5875.0,26598,4648820.0,194774.5480739253,2001
312,7,Connecticut  4/,2051140.0,10197.0,27310,2916868.0,51591.59892470119,2001
313,8,Delaware,410464.0,2062.0,2906,653085.0,12618.513256763656,2001
314,9,Dist. of Col.,203693.0,2669.0,6766,248862.0,1129.3485007665292,2001
315,10,Florida,8937563.0,45621.0,150647,14340102.0,299464.5528047203,2001
316,11,Georgia,4084746.0,18538.0,65710,7304785.0,90830.49580361605,2001
317,12,Hawaii,528622.0,4640.0,7914,868073.0,21436.43035912234,2001
318,13,Idaho,577762.0,3710.0,16958,1323848.0,39132.44209333724,2001
319,14,Illinois,6424601.0,17987.0,15428,9861490.0,256773.5117561845,2001
320,15,Indiana,3229359.0,28120.0,42226,5625031.0,126858.52725498048,2001
321,16,Iowa,1870457.0,8316.0,31180,3318309.0,137701.63553113054,2001
322,17,Kansas,842312.0,3880.0,19286,2330701.0,51487.31037844561,2001
323,18,Kentucky,2122875.0,13347.0,8489,3625700.0,46190.51925035795,2001
324,19,Louisiana,1994403.0,20815.0,23619,3608559.0,49989.43705448407,2001
325,20,Maine,617781.0,2836.0,11050,1017539.0,32707.480822763413,2001
326,21,Maryland,2595892.0,11923.0,23411,3938848.0,54605.4875611868,2001
327,22,Massachusetts,3530955.0,11673.0,39192,5198221.0,114962.55331017938,2001
328,23,Michigan,4903195.0,26060.0,77548,8453651.0,197774.48856652007,2001
329,24,Minnesota,2564940.0,15397.0,24308,4554186.0,151768.5192684022,2001
330,25,Mississippi,1147240.0,9234.0,16965,1953773.0,26827.39967862569,2001
331,26,Missouri,2490721.0,12424.0,16884,4207838.0,64470.44384617488,2001
332,27,Montana,460024.0,2814.0,17768,1033084.0,26371.503725912913,2001
333,28,Nebraska,833979.0,6209.0,19924,1633450.0,22788.47980117609,2001
334,29,Nevada,679137.0,1904.0,14808,1279828.0,32052.334920383113,2001
335,30,New Hampshire  4/,684378.0,1810.0,11538,1099540.0,53321.55050227143,2001
336,31,New Jersey  4/,4517906.0,22407.0,101479,6580025.0,125303.53151627874,2001
337,32,New Mexico,671132.0,3402.0,22696,1428460.0,28002.36112775598,2001
338,33,New York  4/,7597371.0,55698.0,93491,10196468.0,117850.39612568353,2001
339,34,North Carolina,3713667.0,31226.0,47882,6179751.0,86418.45773434329,2001
340,35,North Dakota,347620.0,2291.0,8796,707585.0,18182.53513235752,2001
341,36,Ohio,6666033.0,38330.0,76033,10554902.0,268201.58277463325,2001
342,37,Oklahoma,1748889.0,17039.0,47690,3281080.0,77196.5033860248,2001
343,38,Oregon,1559228.0,13572.0,31338,3039395.0,71642.44797172151,2001
344,39,Pennsylvania  4/,6231291.0,36478.0,66404,9630755.0,237276.5035595479,2001
345,40,Rhode Island  4/,536246.0,1860.0,5197,764478.0,21317.507028871936,2001
346,41,South Carolina,1919405.0,16630.0,26287,3142739.0,56411.47577973346,2001
347,42,South Dakota,389032.0,2598.0,13604,803496.0,31493.50970266704,2001
348,43,Tennessee,3011787.0,17080.0,54058,5138843.0,83645.52565059604,2001
349,44,Texas,7724309.0,79531.0,207713,14358757.0,210149.36535774815,2001
350,45,Utah,924021.0,1262.0,15627,1751734.0,38611.40905099435,2001
351,46,Vermont,301765.0,2073.0,6356,533785.0,24194.490604063223,2001
352,47,Virginia,3976364.0,18260.0,36607,6171381.0,64661.55675025058,2001
353,48,Washington,2903201.0,9719.0,41919,5179097.0,122618.48923003107,2001
354,49,West Virginia,786539.0,3120.0,30079,1452052.0,27265.426475825396,2001
355,50,Wisconsin,2579061.0,14004.0,45544,4472935.0,208801.47792250648,2001
356,51,Wyoming,211154.0,2811.0,12675,572623.0,20994.41733396519,2001
357,1,Alabama,1801678.0,8894.0,27037,4427999.0,61524.4,2002
358,2,Alaska,255217.0,2250.0,8616,620415.0,18154.39,2002
359,3,Arizona,2237596.0,4728.0,19261,3939581.0,218290.41,2002
360,4,Arkansas,960263.0,7331.0,11517,1872750.0,34068.35,2002
361,5,California,18449629.0,50322.0,287295,29618605.0,520238.52,2002
362,6,Colorado,956817.0,5864.0,26780,2150556.0,1115.21,2002
363,7,Connecticut  4/,2026792.0,10382.0,27651,2914831.0,61712.58,2002
364,8,Delaware,416503.0,2018.0,2948,674143.0,13783.51,2002
365,9,Dist. of Col.,192595.0,2706.0,6804,237549.0,1131.33,2002
366,10,Florida,8471458.0,46130.0,153352,13963596.0,339488.5,2002
367,11,Georgia,4211547.0,19072.0,67454,7647523.0,107886.49,2002
368,12,Hawaii,532348.0,4769.0,8045,892553.0,20275.42,2002
369,13,Idaho,598116.0,3801.0,16786,1385820.0,42558.44,2002
370,14,Illinois,6099582.0,17991.0,15075,9577222.0,232132.48,2002
371,15,Indiana,3216400.0,29057.0,43054,5664726.0,135027.52,2002
372,16,Iowa,1861830.0,8320.0,30787,3310408.0,140252.63,2002
373,17,Kansas,843199.0,3886.0,19330,2336701.0,53361.31,2002
374,18,Kentucky,2087841.0,13742.0,8631,3600752.0,48500.5,2002
375,19,Louisiana,1988568.0,20187.0,24082,3660324.0,53408.43,2002
376,20,Maine,583361.0,2928.0,11548,967583.0,30919.45,2002
377,21,Maryland,2523020.0,11945.0,23581,3883925.0,56723.46,2002
378,22,Massachusetts,3636333.0,11398.0,40152,5406846.0,129662.56,2002
379,23,Michigan,4874315.0,26329.0,78239,8533635.0,203398.48,2002
380,24,Minnesota,2503849.0,15107.0,24221,4520314.0,158248.5,2002
381,25,Mississippi,1136337.0,9255.0,16979,1954776.0,27034.39,2002
382,26,Missouri,2481695.0,11806.0,17097,4235031.0,64138.44,2002
383,27,Montana,466043.0,2841.0,18221,1056143.0,29639.51,2002
384,28,Nebraska,841430.0,6456.0,20674,1655603.0,25049.48,2002
385,29,Nevada,650178.0,1834.0,14854,1252879.0,35425.29,2002
386,30,New Hampshire  4/,681842.0,1796.0,11997,1143231.0,57389.53,2002
387,31,New Jersey  4/,4502809.0,22483.0,103421,6687918.0,133568.52,2002
388,32,New Mexico,715474.0,3545.0,23016,1538284.0,34200.38,2002
389,33,New York  4/,7924325.0,58733.0,96228,10455697.0,141886.41,2002
390,34,North Carolina,3687139.0,31518.0,48563,6149474.0,90738.44,2002
391,35,North Dakota,348075.0,2438.0,8855,698424.0,17836.54,2002
392,36,Ohio,6553274.0,39294.0,77784,10469719.0,270175.57,2002
393,37,Oklahoma,1621817.0,17253.0,48662,3070954.0,66465.46,2002
394,38,Oregon,1559986.0,13603.0,31172,3069310.0,73577.44,2002
395,39,Pennsylvania  4/,6072248.0,36515.0,65879,9524997.0,248775.49,2002
396,40,Rhode Island  4/,538771.0,1769.0,5400,775725.0,22949.5,2002
397,41,South Carolina,1959711.0,17046.0,26713,3202102.0,62481.47,2002
398,42,South Dakota,389260.0,2678.0,13610,813908.0,33906.51,2002
399,43,Tennessee,2805063.0,16948.0,53194,4776520.0,84121.49,2002
400,44,Texas,7808911.0,81999.0,216821,14664328.0,231705.35,2002
401,45,Utah,968327.0,1273.0,15852,1847173.0,41248.41,2002
402,46,Vermont,298388.0,2145.0,6241,537146.0,26527.48,2002
403,47,Virginia,4011475.0,18022.0,36265,6272836.0,69761.55,2002
404,48,Washington,2979789.0,9893.0,42593,5336326.0,133267.49,2002
405,49,West Virginia,782397.0,3038.0,29522,1462983.0,30290.43,2002
406,50,Wisconsin,2586648.0,14510.0,46317,4557200.0,204041.47,2002
407,51,Wyoming,220408.0,2869.0,12944,602935.0,24722.43,2002
408,1,Alabama,1770924.0,8964.0,27220,4329245.0,70372.39,2003
409,2,Alaska,260999.0,2306.0,8991,636783.0,19612.4,2003
410,3,Arizona,1991931.0,4689.0,19429,3573994.0,208403.35,2003
411,4,Arkansas,955188.0,7573.0,11582,1888555.0,38466.35,2003
412,5,California,18699434.0,52387.0,292837,30248069.0,546684.52,2003
413,6,Colorado,887647.0,5784.0,27026,2027397.0,7929.19,2003
414,7,Connecticut  4/,2041237.0,10348.0,28030,2963540.0,62716.58,2003
415,8,Delaware,419150.0,2073.0,2965,686817.0,14971.5,2003
416,9,Dist. of Col.,184199.0,2789.0,6861,228351.0,1188.32,2003
417,10,Florida,8564237.0,46713.0,156215,14526125.0,386381.5,2003
418,11,Georgia,4191745.0,19611.0,69297,7730300.0,117502.48,2003
419,12,Hawaii,525277.0,4840.0,8343,902910.0,22061.41,2003
420,13,Idaho,554102.0,3696.0,14844,1301120.0,43804.4,2003
421,14,Illinois,5768554.0,17914.0,14823,9250014.0,260988.45,2003
422,15,Indiana,3251509.0,30316.0,43930,5739348.0,143774.52,2003
423,16,Iowa,1883135.0,8350.0,30812,3368915.0,139705.64,2003
424,17,Kansas,834052.0,3874.0,19204,2314460.0,56034.3,2003
425,18,Kentucky,1959127.0,13986.0,8763,3388879.0,50925.47,2003
426,19,Louisiana,1997248.0,20961.0,24592,3713561.0,56738.43,2003
427,20,Maine,618647.0,2985.0,11906,1051657.0,34821.47,2003
428,21,Maryland,2478873.0,12000.0,23797,3876610.0,63898.45,2003
429,22,Massachusetts,3614519.0,12001.0,41187,5479394.0,130354.56,2003
430,23,Michigan,4804822.0,26528.0,78998,8540325.0,214278.47,2003
431,24,Minnesota,2501883.0,16182.0,27101,4525140.0,174396.49,2003
432,25,Mississippi,1138561.0,9238.0,16699,1950999.0,26998.39,2003
433,26,Missouri,2600169.0,11216.0,17509,4459872.0,73787.45,2003
434,27,Montana,436686.0,2661.0,17528,1010487.0,65907.47,2003
435,28,Nebraska,855407.0,6365.0,20435,1677203.0,26937.48,2003
436,29,Nevada,623886.0,1823.0,14947,1221868.0,36733.27,2003
437,30,New Hampshire  4/,655831.0,1836.0,12734,1144963.0,59692.51,2003
438,31,New Jersey  4/,4448660.0,22848.0,104566,6711601.0,139894.51,2003
439,32,New Mexico,693542.0,3401.0,23384,1509350.0,32276.36,2003
440,33,New York  4/,8313058.0,60991.0,101194,10801701.0,149951.43,2003
441,34,North Carolina,3653665.0,31920.0,49112,6118644.0,95275.43,2003
442,35,North Dakota,345504.0,2398.0,8690,694241.0,19129.54,2003
443,36,Ohio,6518579.0,40514.0,79639,10536372.0,285376.57,2003
444,37,Oklahoma,1622782.0,17500.0,49693,3073707.0,72323.46,2003
445,38,Oregon,1545076.0,14529.0,31317,3060786.0,74519.43,2003
446,39,Pennsylvania  4/,6120710.0,36908.0,67213,9724453.0,267826.49,2003
447,40,Rhode Island  4/,548568.0,1713.0,5601,805740.0,24525.5,2003
448,41,South Carolina,1914753.0,17099.0,27181,3161894.0,56930.46,2003
449,42,South Dakota,387897.0,2726.0,13965,826944.0,37528.5,2003
450,43,Tennessee,2782246.0,17724.0,55417,4795676.0,93600.47,2003
451,44,Texas,7841637.0,84260.0,221993,14888780.0,258253.35,2003
452,45,Utah,1013762.0,1279.0,16109,2006423.0,37959.43,2003
453,46,Vermont,271819.0,2130.0,6578,516071.0,26332.43,2003
454,47,Virginia,4043727.0,18080.0,36683,6346009.0,73309.54,2003
455,48,Washington,2968936.0,9820.0,42792,5378891.0,140950.48,2003
456,49,West Virginia,756405.0,2955.0,28992,1408800.0,18725.41,2003
457,50,Wisconsin,2577697.0,14830.0,47139,4647150.0,239822.47,2003
458,51,Wyoming,231895.0,2916.0,13234,619864.0,27744.45,2003
459,1,Alabama,1693741.0,9088.0,27090,4507751.0,80599.37027254092,2004
460,2,Alaska,255068.0,2440.0,9131,659981.0,21127.386595161992,2004
461,3,Arizona,2055202.0,4787.0,19020,3776114.0,208227.3548041256,2004
462,4,Arkansas,960085.0,7662.0,11472,1917503.0,43628.345257206835,2004
463,5,California,19255690.0,53643.0,292993,31399596.0,610608.5309202016,2004
464,6,Colorado,894582.0,5822.0,26723,2023292.0,8325.19216465065,2004
465,7,Connecticut  4/,2047031.0,10410.0,28135,3041592.0,64390.580955210695,2004
466,8,Delaware,422755.0,2101.0,3006,711039.0,17448.498439238694,2004
467,9,Dist. of Col.,189230.0,2897.0,6696,238802.0,1258.3340981314236,2004
468,10,Florida,8440792.0,47337.0,158196,15057473.0,455836.478960389,2004
469,11,Georgia,4222236.0,20171.0,70744,7882365.0,128236.4750373837,2004
470,12,Hawaii,539845.0,5268.0,8260,947412.0,22778.421277438156,2004
471,13,Idaho,574825.0,3801.0,14233,1344124.0,49397.40821898537,2004
472,14,Illinois,5652494.0,17944.0,13954,9231541.0,276077.438911644,2004
473,15,Indiana,3067260.0,31344.0,44547,5524752.0,153019.48777015533,2004
474,16,Iowa,1882364.0,8357.0,30631,3369431.0,139705.6335850552,2004
475,17,Kansas,852648.0,3889.0,19252,2346522.0,61352.308805842586,2004
476,18,Kentucky,1881213.0,14188.0,8599,3319034.0,53471.447483334225,2004
477,19,Louisiana,1973399.0,21889.0,24808,3766793.0,55299.426506885866,2004
478,20,Maine,608700.0,3306.0,13202,1068064.0,38597.45774501937,2004
479,21,Maryland,2547973.0,11860.0,23591,4119664.0,72749.45594990192,2004
480,22,Massachusetts,3504943.0,11400.0,41824,5456267.0,136887.54323794652,2004
481,23,Michigan,4680729.0,26173.0,79215,8398621.0,227422.45802670327,2004
482,24,Minnesota,2502190.0,16947.0,28520,4593349.0,188568.48808106242,2004
483,25,Mississippi,1123242.0,9320.0,16457,1964488.0,27162.383480895056,2004
484,26,Missouri,2698085.0,11514.0,18247,4812096.0,77476.46749619175,2004
485,27,Montana,433160.0,2597.0,18003,1008701.0,47856.46109411834,2004
486,28,Nebraska,842363.0,6489.0,20594,1689072.0,28370.47443014994,2004
487,29,Nevada,642818.0,1901.0,14640,1281424.0,44352.271051422176,2004
488,30,New Hampshire  4/,672560.0,1894.0,13164,1178312.0,66319.51400076953,2004
489,31,New Jersey  4/,4016485.0,23239.0,108689,6224256.0,149397.45679770922,2004
490,32,New Mexico,695825.0,3533.0,23349,1542964.0,36022.35772812222,2004
491,33,New York  4/,8548783.0,64151.0,99778,11098785.0,169423.44041198542,2004
492,34,North Carolina,3657863.0,32815.0,50237,6198470.0,100039.4246484197,2004
493,35,North Dakota,347009.0,2645.0,8772,700882.0,20920.540448258576,2004
494,36,Ohio,6452386.0,41936.0,80990,10636290.0,297580.55811509385,2004
495,37,Oklahoma,1634376.0,17958.0,50443,3150989.0,84262.46028085855,2004
496,38,Oregon,1475253.0,15582.0,33331,3003227.0,74761.40259907539,2004
497,39,Pennsylvania  4/,6000676.0,37396.0,67302,9821267.0,291015.47980822955,2004
498,40,Rhode Island  4/,531872.0,1726.0,5510,807995.0,26437.487436981322,2004
499,41,South Carolina,1922964.0,17100.0,27354,3257072.0,59777.45542330424,2004
500,42,South Dakota,395975.0,2757.0,14172,841167.0,41579.50815623123,2004
501,43,Tennessee,2889051.0,18431.0,57155,5034662.0,108435.48577147252,2004
502,44,Texas,8735544.0,86753.0,233830,16906714.0,283564.3833078954,2004
503,45,Utah,1036674.0,1289.0,16101,2084424.0,44213.42928474588,2004
504,46,Vermont,280158.0,2057.0,6897,523212.0,28304.446150107662,2004
505,47,Virginia,4091334.0,18199.0,36213,6497426.0,75074.54371488775,2004
506,48,Washington,3034253.0,11049.0,42741,5535236.0,159106.4857400027,2004
507,49,West Virginia,740834.0,2877.0,28348,1396420.0,18981.400134078533,2004
508,50,Wisconsin,2591731.0,14366.0,47679,4705069.0,232105.46746648138,2004
509,51,Wyoming,234382.0,2976.0,13361,640914.0,30540.451940560164,2004
510,1,Alabama,1761909.0,9073.0,27438,4544518.0,92980.38293298006,2005
511,2,Alaska,249560.0,2273.0,8515,672766.0,22228.374055145676,2005
512,3,Arizona,2120631.0,4888.0,19500,3971515.0,97875.35411006553,2005
513,4,Arkansas,951430.0,7855.0,11631,1939533.0,50054.33882408532,2005
514,5,California,19638969.0,55023.0,298547,32487477.0,659184.5379663158,2005
515,6,Colorado,859018.0,5829.0,27269,1807879.0,117070.18188706666,2005
516,7,Connecticut  4/,2028005.0,10396.0,28672,3058553.0,64744.57440676171,2005
517,8,Delaware,427740.0,2158.0,3155,736542.0,18947.496245550657,2005
518,9,Dist. of Col.,185059.0,3021.0,6883,237281.0,840.3282029555567,2005
519,10,Florida,8311702.0,48164.0,161674,15691438.0,509966.4610087521,2005
520,11,Georgia,4208585.0,20752.0,72943,8062838.0,140771.46070884963,2005
521,12,Hawaii,517817.0,5269.0,8596,947548.0,24317.39994105323,2005
522,13,Idaho,583274.0,3775.0,14360,1374056.0,56402.403953790876,2005
523,14,Illinois,5704638.0,17519.0,14131,9458252.0,291048.4413080572,2005
524,15,Indiana,2694941.0,31974.0,45610,4955476.0,146986.42564895388,2005
525,16,Iowa,1841522.0,8365.0,30829,3397604.0,146042.61719210618,2005
526,17,Kansas,865196.0,3899.0,19530,2368115.0,66481.31231430032,2005
527,18,Kentucky,1914028.0,14229.0,8803,3427718.0,56145.452360661315,2005
528,19,Louisiana,1960105.0,21342.0,25504,3819198.0,54513.422313410774,2005
529,20,Maine,588851.0,3258.0,13019,1074895.0,40364.44132294786,2005
530,21,Maryland,2596879.0,12064.0,24043,4321813.0,76137.46120566143,2005
531,22,Massachusetts,3367754.0,11721.0,43150,5420206.0,139796.52321866166,2005
532,23,Michigan,4753156.0,26187.0,80284,8247447.0,263085.4647583429,2005
533,24,Minnesota,2505986.0,17412.0,29664,4646923.0,200785.48569982,2005
534,25,Mississippi,1118672.0,9418.0,16548,1978111.0,27318.379490889183,2005
535,26,Missouri,2539266.0,11295.0,18034,4589356.0,81350.43646314245,2005
536,27,Montana 5/,433181.0,2598.0,18210,1008930.0,47856.45675505253,2005
537,28,Nebraska,836387.0,6655.0,21112,1702790.0,31302.46773685222,2005
538,29,Nevada,673083.0,1845.0,14946,1349313.0,50175.27457181309,2005
539,30,New Hampshire  4/,652343.0,1914.0,12033,1174380.0,68879.49475986835,2005
540,31,New Jersey  4/,3957193.0,23258.0,114017,6261501.0,158350.44897553322,2005
541,32,New Mexico,686258.0,3440.0,23957,1548371.0,37386.347954036675,2005
542,33,New York  4/,8973047.0,67259.0,100668,11862504.0,189993.46177111688,2005
543,34,North Carolina,3583762.0,33315.0,51135,6148316.0,105041.40911367469,2005
544,35,North Dakota,341469.0,2580.0,8723,695225.0,23116.529811617176,2005
545,36,Ohio,6362255.0,42997.0,83241,10634083.0,307664.54976730637,2005
546,37,Oklahoma,1932704.0,18394.0,51679,3725279.0,81952.54112983556,2005
547,38,Oregon,1392768.0,16054.0,35095,2897385.0,71991.37458821759,2005
548,39,Pennsylvania  4/,5888278.0,37678.0,68169,9863785.0,304649.4698341473,2005
549,40,Rhode Island  4/,516728.0,1716.0,5596,811610.0,28569.47535622062,2005
550,41,South Carolina,1933281.0,17581.0,28002,3339456.0,62765.45169257623,2005
551,42,South Dakota,384673.0,2507.0,14435,853548.0,46383.49018483402,2005
552,43,Tennessee,2832604.0,19176.0,59912,4980010.0,121854.4710814275,2005
553,44,Texas,8911818.0,89557.0,241338,17469547.0,327690.38465020375,2005
554,45,Utah,1090043.0,1299.0,16515,2209833.0,48310.43680295438,2005
555,46,Vermont,269324.0,1674.0,5362,507706.0,22466.428065655098,2005
556,47,Virginia,4066886.0,18120.0,36632,6591497.0,77470.5327337407,2005
557,48,Washington,3061330.0,10496.0,43510,5598446.0,170995.48351302187,2005
558,49,West Virginia,699765.0,2803.0,27904,1351746.0,17160.377336853344,2005
559,50,Wisconsin,2562357.0,13947.0,48687,4725425.0,302730.4598087711,2005
560,51,Wyoming,231853.0,3031.0,13765,646230.0,33422.44423344136,2005
561,1,Alabama,1795596.0,9082.0,27580,4630314.0,103586.38679264975,2006
562,2,Alaska,242487.0,2706.0,10480,675094.0,24112.358143311052,2006
563,3,Arizona,2189979.0,4961.0,19588,4182332.0,113606.35230505465,2006
564,4,Arkansas,958640.0,8201.0,11674,1994255.0,58640.33756001696,2006
565,5,California,19835554.0,56814.0,302799,33182058.0,709947.5384963482,2006
566,6,Colorado  4/,858967.0,5829.0,27264,1807823.0,117070.1785120347,2006
567,7,Connecticut  5/,1999809.0,10492.0,29029,3051952.0,64594.56725316558,2006
568,8,Delaware,432509.0,2167.0,3269,813188.0,22746.498667800854,2006
569,9,Dist. of Col.,168916.0,2889.0,6902,219105.0,968.2830430072395,2006
570,10,Florida,7425148.0,48929.0,164566,16373565.0,582740.4042456758,2006
571,11,Georgia,4141179.0,21343.0,74883,8286454.0,141000.439099093,2006
572,12,Hawaii,538581.0,5671.0,8875,1008540.0,30873.41251795024,2006
573,13,Idaho,541487.0,3767.0,15170,1275115.0,50331.36502610018,2006
574,14,Illinois,5947468.0,18036.0,13870,9876246.0,293011.45774795295,2006
575,15,Indiana  4/,2694901.0,31974.0,45608,4955434.0,146986.4228479517,2006
576,16,Iowa,1744519.0,8429.0,30888,3345951.0,160786.58132782936,2006
577,17,Kansas,872878.0,3918.0,19819,2389192.0,71743.3128641589,2006
578,18,Kentucky,1969142.0,14249.0,8816,3558122.0,58952.461937426684,2006
579,19,Louisiana,1950372.0,22102.0,26006,3872744.0,60559.44272521274,2006
580,20,Maine,581797.0,3399.0,13688,1071876.0,45369.43574631462,2006
581,21,Maryland,2656597.0,12155.0,24201,4488397.0,72533.47057326682,2006
582,22,Massachusetts,3310725.0,11207.0,44214,5385215.0,143853.51116690147,2006
583,23,Michigan,4765547.0,26248.0,80984,8154235.0,246540.46710793953,2006
584,24,Minnesota,2512491.0,17610.0,29599,4704914.0,215316.48374862422,2006
585,25,Mississippi,1118200.0,9521.0,17075,1997581.0,27553.380611845223,2006
586,26,Missouri,2715297.0,11485.0,18058,4957172.0,85418.4633513575,2006
587,27,Montana ,447446.0,2503.0,18875,1066562.0,85762.46729202483,2006
588,28,Nebraska,832511.0,6995.0,22015,1733133.0,36643.46268147762,2006
589,29,Nevada,679828.0,1923.0,14982,1366557.0,56498.268388786506,2006
590,30,New Hampshire  5/,585455.0,1873.0,12575,1059963.0,70778.44190220512,2006
591,31,New Jersey  5/,3692966.0,23827.0,119152,5957988.0,163070.41860873214,2006
592,32,New Mexico,699312.0,3552.0,24281,1580820.0,43212.349844648445,2006
593,33,New York  5/,8528457.0,70015.0,99970,11283896.0,202565.4375111331,2006
594,34,North Carolina,3659926.0,33720.0,51717,6301436.0,110293.40967300306,2006
595,35,North Dakota,345502.0,2587.0,8873,712169.0,25318.5367647637,2006
596,36,Ohio,6438988.0,44484.0,85158,10828843.0,331128.55554544926,2006
597,37,Oklahoma,1606517.0,18634.0,52735,3201831.0,93882.44520022842,2006
598,38,Oregon,1427597.0,14822.0,33172,2981379.0,83271.37801580109,2006
599,39,Pennsylvania  5/,5842819.0,38029.0,68565,9894163.0,329750.46575014223,2006
600,40,Rhode Island  5/,508389.0,1726.0,5292,805548.0,31050.471356581522,2006
601,41,South Carolina,1964994.0,18078.0,28455,3453843.0,87512.4520810997,2006
602,42,South Dakota,375760.0,2644.0,14479,843984.0,53451.47520779006,2006
603,43,Tennessee,2878136.0,19979.0,62481,5091328.0,133890.47254828483,2006
604,44,Texas,8805316.0,90173.0,244123,17538388.0,352302.3696422585,2006
605,45,Utah,1079455.0,1308.0,16746,2236088.0,50721.418795143494,2006
606,46,Vermont,309972.0,1745.0,5690,587668.0,24542.49239471204,2006
607,47,Virginia,4031355.0,18264.0,36685,6635976.0,80787.52282855529,2006
608,48,Washington,3087818.0,11665.0,43607,5689497.0,192904.4794394695,2006
609,49,West Virginia,734599.0,2794.0,27389,1441099.0,40199.39631833354,2006
610,50,Wisconsin,2639984.0,14347.0,49513,4971461.0,270436.47205132147,2006
611,51,Wyoming,228057.0,3088.0,14050,645192.0,35710.431682084025,2006
612,1,Alabama,1976510.0,9205.0,27818,4677771.0,110368.42342849846,2007
613,2,Alaska,240931.0,2672.0,10395,680141.0,25702.348554013442,2007
614,3,Arizona,2237693.0,4915.0,19858,4372035.0,124374.35022003533,2007
615,4,Arkansas,944255.0,7758.0,11771,2010301.0,64095.32961690026,2007
616,5,California,20037727.0,58088.0,309817,33935386.0,750816.5424578933,2007
617,6,Colorado ,785099.0,5820.0,27610,1707139.0,111376.15932440813,2007
618,7,Connecticut  4/,1988569.0,10591.0,29477,3047330.0,64484.56443020875,2007
619,8,Delaware,472688.0,2258.0,3270,851223.0,23246.53823355274,2007
620,9,Dist. of Col.,165633.0,2986.0,6996,217521.0,1048.2741274741115,2007
621,10,Florida,7189598.0,48607.0,167813,16473908.0,618648.3876448305,2007
622,11,Georgia,4155154.0,22083.0,77026,8512511.0,171116.43215746878,2007
623,12,Hawaii,521669.0,5940.0,9258,993117.0,29646.75015801924,2007
624,13,Idaho,525560.0,3872.0,14628,1281899.0,43947.346416104556,2007
625,14,Illinois,5814178.0,18310.0,13845,9757004.0,307971.44648633094,2007
626,15,Indiana  5/,2694917.0,31978.0,45693,4955539.0,146986.4207308761,2007
627,16,Iowa,1727177.0,7375.0,30420,3360196.0,160912.57383788604,2007
628,17,Kansas,879318.0,3936.0,20153,2429064.0,77192.31379284631,2007
629,18,Kentucky,1937195.0,14298.0,8920,3546620.0,61900.10629703768,2007
630,19,Louisiana,1938195.0,23014.0,26617,3926741.0,64023.93873643088,2007
631,20,Maine,569503.0,3531.0,14336,1079843.0,49835.427642731935,2007
632,21,Maryland,2652872.0,12039.0,24497,4510464.0,78251.0696652608,2007
633,22,Massachusetts,3276019.0,11758.0,45446,5366708.0,144458.50470382208,2007
634,23,Michigan,4972114.0,26290.0,81865,8191748.0,267208.4886721588,2007
635,24,Minnesota,2552023.0,18122.0,30539,4755753.0,229445.48843268873,2007
636,25,Mississippi,1141299.0,9605.0,8232,2007875.0,27777.38613087295,2007
637,26,Missouri,2675818.0,11078.0,18937,4916993.0,92321.86493062146,2007
638,27,Montana ,389754.0,2483.0,19239,948528.0,20284.400489215033,2007
639,28,Nebraska,815731.0,7036.0,22239,1739072.0,40133.451524903765,2007
640,29,Nevada,698622.0,2013.0,15144,1424322.0,60752.26838420165,2007
641,30,New Hampshire  4/,643442.0,1979.0,12937,1184842.0,75559.48556498266,2007
642,31,New Jersey  4/,3827017.0,23289.0,113940,6247130.0,163429.43565816863,2007
643,32,New Mexico,703057.0,3426.0,24744,1599333.0,46490.34887444382,2007
644,33,New York  4/,8866591.0,72484.0,99257,11494513.0,315450.34311092144,2007
645,34,North Carolina,3601669.0,34400.0,52773,6317148.0,115807.75189418807,2007
646,35,North Dakota,344258.0,2512.0,8769,710537.0,27526.53157109025,2007
647,36,Ohio,6362791.0,45953.0,87302,10848476.0,345612.54917594674,2007
648,37,Oklahoma,1605813.0,18932.0,53910,3224653.0,101190.44023828718,2007
649,38,Oregon,1462803.0,15340.0,33937,3088313.0,95645.66251026363,2007
650,39,Pennsylvania  4/,5805046.0,38510.0,69266,9937941.0,352738.46297050576,2007
651,40,Rhode Island  4/,491229.0,1731.0,5651,796683.0,31146.752276450385,2007
652,41,South Carolina,1940512.0,18864.0,28896,3521026.0,94734.43760692913,2007
653,42,South Dakota,372633.0,2736.0,14862,864838.0,58343.46265451248,2007
654,43,Tennessee,3020654.0,19862.0,62161,5339946.0,143822.48667269043,2007
655,44,Texas,8800325.0,92250.0,251669,18072148.0,384261.3631385127,2007
656,45,Utah,1138442.0,1321.0,17065,2320171.0,54358.425927578035,2007
657,46,Vermont,297176.0,1807.0,5987,564967.0,25804.47367904271,2007
658,47,Virginia,3958939.0,18235.0,36854,6613781.0,80008.95874244093,2007
659,48,Washington,3146178.0,12184.0,43987,5757943.0,205263.48303126078,2007
660,49,West Virginia,707442.0,2792.0,26921,1413467.0,44844.382876158576,2007
661,50,Wisconsin,2645181.0,14962.0,50447,5017895.0,324833.4691194008,2007
662,51,Wyoming,215911.0,3206.0,14708,652102.0,37985.40141728669,2007
663,1,Alabama,2220095.0,8947.0,27854,4729791.0,126675.47254595766,2008
664,2,Alaska,242650.0,2763.0,10448,690756.0,27931.349614523242,2008
665,3,Arizona,2234963.0,4920.0,19750,4373232.0,133586.34108255463,2008
666,4,Arkansas,957446.0,7737.0,11752,2040988.0,71080.33184748843,2008
667,5,California,19919068.0,59442.0,316968,33483061.0,741027.5361107289,2008
668,6,Colorado ,734665.0,5793.0,27596,1618219.0,118391.14658557542,2008
669,7,Connecticut  4/,2018461.0,10790.0,29748,3093744.0,65475.57312527062,2008
670,8,Delaware,461882.0,2255.0,3427,867744.0,24408.820327754693,2008
671,9,Dist. of Col.,171255.0,3028.0,6944,223799.0,1100.6820018484946,2008
672,10,Florida,8180462.0,50687.0,170505,16461925.0,667087.4399589924,2008
673,11,Georgia,4260495.0,22836.0,78932,8569625.0,186719.43665917663,2008
674,12,Hawaii,488217.0,4711.0,8852,945491.0,50679.37297527243,2008
675,13,Idaho,534911.0,3931.0,14773,1318233.0,64163.346855525866,2008
676,14,Illinois,5779977.0,19166.0,13413,9793821.0,332031.4420851179,2008
677,15,Indiana  ,3135611.0,33389.0,46490,5847546.0,204402.48768487351,2008
678,16,Iowa,1798052.0,7476.0,30293,3430867.0,181735.59467586773,2008
679,17,Kansas,884039.0,3941.0,20219,2448768.0,84259.31253216299,2008
680,18,Kentucky,1972534.0,14405.0,8869,3604048.0,64995.094373622,2008
681,19,Louisiana,1957262.0,22476.0,27040,3979188.0,68496.8807660114,2008
682,20,Maine,561893.0,3681.0,15017,1074465.0,54540.42187053726,2008
683,21,Maryland,2650579.0,12133.0,24515,4525233.0,79489.26797081865,2008
684,22,Massachusetts,3236056.0,11241.0,46429,5328349.0,153444.4947296593,2008
685,23,Michigan,4388023.0,26374.0,82393,7945471.0,269669.4335794291,2008
686,24,Minnesota,2543559.0,18202.0,30210,4783491.0,248350.4847029716,2008
687,25,Mississippi,1155133.0,9681.0,10498,2034907.0,28171.388483634142,2008
688,26,Missouri,2620559.0,10657.0,18491,4865776.0,99025.8129098929,2008
689,27,Montana ,375757.0,2468.0,19981,926975.0,112324.38179525346,2008
690,28,Nebraska,816515.0,7212.0,22668,1756628.0,43407.44953550233,2008
691,29,Nevada,699041.0,2783.0,15043,1417214.0,64733.264942213325,2008
692,30,New Hampshire  4/,650130.0,1978.0,13036,1213955.0,80689.49062819908,2008
693,31,New Jersey  4/  5/,3826995.0,23287.0,113716,6246882.0,163429.43582169106,2008
694,32,New Mexico,692415.0,3488.0,24943,1569771.0,46882.340834003575,2008
695,33,New York  4/,8576151.0,72781.0,99476,11088903.0,339633.6315947444,2008
696,34,North Carolina,3572277.0,34904.0,53441,6248829.0,121598.10965900167,2008
697,35,North Dakota,346622.0,2504.0,8957,717221.0,31030.53365103565,2008
698,36,Ohio,6413063.0,47612.0,89135,10933169.0,368957.5523761722,2008
699,37,Oklahoma,1654409.0,19224.0,54911,3291970.0,115588.45048335407,2008
700,38,Oregon,1463189.0,15533.0,34349,3105673.0,102287.57812936998,2008
701,39,Pennsylvania  4/,6086264.0,39928.0,71631,10366408.0,397466.4848213958,2008
702,40,Rhode Island  4/,490628.0,1720.0,5704,794380.0,32021.27304703848,2008
703,41,South Carolina,1996617.0,18988.0,29211,3603960.0,102760.44303317112,2008
704,42,South Dakota,347408.0,2435.0,14347,907384.0,58296.4259071816,2008
705,43,Tennessee,2833546.0,19884.0,61942,5098147.0,151368.45201699532,2008
706,44,Texas,8830985.0,92639.0,251161,18207948.0,435492.3580932014,2008
707,45,Utah,1192191.0,1329.0,17214,2438685.0,57806.43131510322,2008
708,46,Vermont,306690.0,1875.0,6291,581466.0,28284.488748853157,2008
709,47,Virginia,3881087.0,17341.0,35302,6525948.0,82603.29520426398,2008
710,48,Washington,3299259.0,12625.0,44456,5979710.0,233508.50032309172,2008
711,49,West Virginia,700301.0,2715.0,26383,1402030.0,48435.37857267254,2008
712,50,Wisconsin,2659162.0,14064.0,46680,4998903.0,310439.4696443671,2008
713,51,Wyoming,261294.0,3329.0,15286,664041.0,30502.478624584168,2008
714,1,Alabama,2171584.0,8884.0,28050,4610845.0,121976.45750277996,2009
715,2,Alaska,236223.0,2698.0,10655,695282.0,29166.334173260813,2009
716,3,Arizona,2228172.0,5029.0,19940,4357634.0,137624.3350863234,2009
717,4,Arkansas,947406.0,7836.0,11823,2037401.0,75998.3244458288,2009
718,5,California,19972837.0,59535.0,322271,34433206.0,759285.5345767983,2009
719,6,Colorado 4/,640899.0,5739.0,27869,1429474.0,94649.125419225,2009
720,7,Connecticut  5/,1983114.0,10905.0,30167,3071575.0,64989.56028812877,2009
721,8,Delaware,463779.0,2254.0,3266,843357.0,25629.51536511351,2009
722,9,Dist. of Col.,166519.0,2900.0,7009,217648.0,1155.2704012460456,2009
723,10,Florida,7597789.0,51590.0,173740,15314757.0,663336.4034322746,2009
724,11,Georgia,4134274.0,23564.0,81135,8507293.0,195776.41735750713,2009
725,12,Hawaii,448535.0,4605.0,9218,895336.0,49173.34070143254,2009
726,13,Idaho,563021.0,3895.0,15077,1374967.0,56161.35992472511,2009
727,14,Illinois,5824074.0,18197.0,13342,9890872.0,348793.4451278809,2009
728,15,Indiana  6/,3135608.0,33389.0,46535,5847588.0,204402.48416787933,2009
729,16,Iowa,1736330.0,6923.0,25326,3363108.0,184450.57403878376,2009
730,17,Kansas,874869.0,3911.0,19801,2425263.0,85214.30750861997,2009
731,18,Kentucky,1952420.0,14591.0,8979,3584501.0,68244.44630634386,2009
732,19,Louisiana,1940586.0,23397.0,27634,4033411.0,70490.41864140322,2009
733,20,Maine,538469.0,3586.0,14659,1055920.0,54762.40363771248,2009
734,21,Maryland,2597592.0,12050.0,24755,4483598.0,82820.45324519192,2009
735,22,Massachusetts,3128371.0,11786.0,47667,5261803.0,158217.47113945716,2009
736,23,Michigan,4371772.0,26490.0,83211,7913124.0,265881.43336703203,2009
737,24,Minnesota,2506177.0,18501.0,30948,4796095.0,251012.47332523897,2009
738,25,Mississippi,1155792.0,9591.0,11946,2025690.0,28085.387089955406,2009
739,26,Missouri,2559639.0,10541.0,18482,4904201.0,103976.42616616396,2009
740,27,Montana ,370107.0,2396.0,20187,924950.0,125723.37279394947,2009
741,28,Nebraska,784194.0,7542.0,23577,1793023.0,50233.427905972276,2009
742,29,Nevada,706912.0,2766.0,15149,1397341.0,68251.26360181379,2009
743,30,New Hampshire  5/,639635.0,2034.0,12924,1212493.0,80826.47949040258,2009
744,31,New Jersey  5/ ,3705322.0,23988.0,108685,6113807.0,157197.42068762053,2009
745,32,New Mexico,698100.0,3398.0,25364,1620704.0,53749.33922418147,2009
746,33,New York  5/,8725551.0,71439.0,98127,11245208.0,344975.4423473014,2009
747,34,North Carolina,3451087.0,35332.0,54049,6047239.0,127678.36435158989,2009
748,35,North Dakota,347356.0,2464.0,8846,722071.0,32292.530384451275,2009
749,36,Ohio,6318803.0,49365.0,91306,11022129.0,385921.5412121745,2009
750,37,Oklahoma,1670353.0,19673.0,56093,3396395.0,124093.44927380969,2009
751,38,Oregon,1439985.0,15838.0,35054,3046373.0,103836.36835947394,2009
752,39,Pennsylvania  5/,5818056.0,32934.0,71268,9857311.0,409115.4580845485,2009
753,40,Rhode Island  5/,481905.0,1717.0,5615,788623.0,33875.45282845095,2009
754,41,South Carolina,1974494.0,19205.0,29144,3614400.0,105963.43026153841,2009
755,42,South Dakota,401661.0,2569.0,15608,926168.0,62482.48881746664,2009
756,43,Tennessee,2854803.0,20692.0,64623,5139662.0,162222.44971883282,2009
757,44,Texas  6/,8830974.0,92639.0,251394,18208170.0,435492.35151391505,2009
758,45,Utah,1217120.0,1339.0,17507,2453879.0,59464.43273149338,2009
759,46,Vermont,292317.0,1950.0,6626,557370.0,28820.46499613999,2009
760,47,Virginia,3732468.0,16559.0,34099,6301835.0,78607.46941830033,2009
761,48,Washington,3101571.0,12859.0,42577,5580668.0,228204.4622292715,2009
762,49,West Virginia,700103.0,2711.0,25918,1412478.0,48533.377497352696,2009
763,50,Wisconsin,2526673.0,14747.0,48635,4874316.0,364616.44386778324,2009
764,51,Wyoming,214199.0,3450.0,15991,652324.0,30016.38129237327,2009
765,1,Alabama,2211550.0,8813.0,28197,4653838.0,122793.46594607268,2010
766,2,Alaska,228407.0,2795.0,10796,710444.0,30186.32307046944,2010
767,3,Arizona,2201251.0,5078.0,20038,4320010.0,135762.33098096994,2010
768,4,Arkansas,945198.0,7866.0,11867,2073411.0,75625.32366609562,2010
769,5,California 4/,17977605.0,55532.0,322639,31014128.0,743205.4806500166,2010
770,6,Colorado,1890748.0,9343.0,28054,4180298.0,110463.37413985464,2010
771,7,Connecticut 5/,1985500.0,11064.0,30547,3082011.0,65199.56095066691,2010
772,8,Delaware,434037.0,2253.0,3172,799012.0,26910.482295096044,2010
773,9,Dist. of Col.,160090.0,2778.0,7038,211653.0,1213.259650099974,2010
774,10,Florida,7295121.0,52512.0,176885,14372807.0,594385.3869821986,2010
775,11,Georgia 4/,3738952.0,23582.0,83328,7701942.0,195521.3770486035,2010
776,12,Hawaii,450398.0,4749.0,9584,904467.0,54213.34211822622,2010
777,13,Idaho,541038.0,3838.0,14591,1324985.0,52967.34589704626,2010
778,14,Illinois,5772947.0,18893.0,13180,10078618.0,350193.4416754729,2010
779,15,Indiana ,2986033.0,33389.0,46535,5698013.0,204402.4608808844,2010
780,16,Iowa,1691090.0,6990.0,25326,3312705.0,186904.55899817013,2010
781,17,Kansas,880308.0,3916.0,19875,2436246.0,87079.3094264934,2010
782,18,Kentucky,1890079.0,14722.0,9023,3589118.0,71657.43179281581,2010
783,19,Louisiana,1917283.0,22708.0,28192,4086128.0,68306.41280423572,2010
784,20,Maine,518779.0,3600.0,14765,1053842.0,55611.388666169565,2010
785,21,Maryland,2590777.0,12229.0,24927,4557006.0,80382.4520289402,2010
786,22,Massachusetts,3144691.0,11972.0,48871,5333915.0,159000.4735273835,2010
787,23,Michigan 4/,5135712.0,28374.0,83947,9286067.0,279192.5099442594,2010
788,24,Minnesota,2459074.0,18543.0,30749,4847971.0,255081.46439909202,2010
789,25,Mississippi,1143527.0,9577.0,13097,2015915.0,27884.383156006985,2010
790,26,Missouri,2578536.0,11084.0,19637,5153425.0,109175.42929330381,2010
791,27,Montana ,351574.0,2368.0,20327,925854.0,126000.35355783501,2010
792,28,Nebraska,773080.0,7684.0,24031,1802498.0,51259.421544022414,2010
793,29,Nevada,690124.0,2881.0,15190,1361671.0,66176.25723311963,2010
794,30,New Hampshire 5/,618598.0,2023.0,12837,1202974.0,80173.46363022101,2010
795,31,New Jersey 5/,3971896.0,24188.0,107854,6628080.0,326874.45089190203,2010
796,32,New Mexico,702897.0,3330.0,25724,1612491.0,53085.34146186117,2010
797,33,New York ,7950192.0,69081.0,96092,10255099.0,347756.4027527906,2010
798,34,North Carolina,3281831.0,34380.0,52325,5742829.0,134061.34642833233,2010
799,35,North Dakota,340756.0,2484.0,8777,735644.0,33549.520094489555,2010
800,36,Ohio,5614698.0,46905.0,93442,9800933.0,382358.4799144531,2010
801,37,Oklahoma,1581768.0,20128.0,57252,3357464.0,125076.42517161416,2010
802,38,Oregon,1488595.0,16060.0,35560,3050254.0,107029.38091208908,2010
803,39,Pennsylvania 5/,5682239.0,33468.0,72102,9990941.0,411429.44728895026,2010
804,40,Rhode Island 5/,478624.0,1768.0,5411,782438.0,33222.44971795721,2010
805,41,South Carolina,2030632.0,19427.0,29027,3660878.0,106690.44255753148,2010
806,42,South Dakota,406531.0,2322.0,14629,925548.0,65664.4942976404,2010
807,43,Tennessee,2734382.0,21540.0,67337,5113913.0,162521.43075088775,2010
808,44,Texas 4/,8331127.0,96746.0,264289,17193559.0,427657.3308216888,2010
809,45,Utah,1316966.0,1384.0,17761,2654715.0,58683.46850775861,2010
810,46,Vermont,293084.0,2022.0,6935,566650.0,29000.465996525993,2010
811,47,Virginia,3510417.0,15823.0,32872,6148794.0,73804.44143676126,2010
812,48,Washington 4/,2599791.0,12108.0,41934,4682790.0,216208.3869532384,2010
813,49,West Virginia,702587.0,2692.0,25443,1435523.0,48331.37899698699,2010
814,50,Wisconsin,2461343.0,15451.0,50509,4967777.0,322356.43219587556,2010
815,51,Wyoming,209777.0,3588.0,16705,663253.0,30512.37253201536,2010
816,0,Alabama,2307668.0,12373.0,2364601.0,4744029.0,4879857.0,2011
817,1,Alaska,215688.0,2346.0,508900.0,743148.0,772760.0,2011
818,2,Arizona,2363015.0,11759.0,2555552.0,5031536.0,5186972.0,2011
819,3,Arkansas (1),1021817.0,3350.0,1346842.0,2412345.0,2484275.0,2011
820,4,California (4),14549841.0,36876.0,13771330.0,28811473.0,29541921.0,2011
821,5,Colorado ,1798922.0,10005.0,2350093.0,4263555.0,4400947.0,2011
822,6,Connecticut,1719536.0,7496.0,1003799.0,2791912.0,2865676.0,2011
823,7,Delaware,490696.0,3128.0,405093.0,918073.0,940757.0,2011
824,8,Dist. of Col.,238504.0,2730.0,71458.0,292938.0,339524.0,2011
825,9,Florida (2),7981816.0,34942.0,6878085.0,15277923.0,15660455.0,2011
826,10,Georgia (1),3430165.0,27227.0,3876723.0,7402608.0,7664862.0,2011
827,11,Hawaii,534815.0,2330.0,580398.0,1127357.0,1168725.0,2011
828,12,Idaho,610646.0,4553.0,947382.0,1600252.0,1650156.0,2011
829,13,Illinois (3),5563757.0,33428.0,4497731.0,10305463.0,10584953.0,2011
830,14,Indiana,2882224.0,21518.0,3024623.0,6052110.0,6213434.0,2011
831,15,Iowa (1),1645916.0,8951.0,1667446.0,3450547.0,3542605.0,2011
832,16,Kansas,1141601.0,5083.0,1217921.0,2405395.0,2486537.0,2011
833,17,Kentucky (1),1883309.0,10639.0,1770584.0,3701672.0,3824382.0,2011
834,18,Louisiana,1801488.0,13427.0,2169221.0,3989347.0,4115845.0,2011
835,19,Maine (1),530057.0,4631.0,586265.0,1150106.0,1192454.0,2011
836,20,Maryland,2088130.0,14558.0,1682819.0,3829855.0,3981403.0,2011
837,21,Massachusetts (2),3180009.0,11590.0,2344721.0,5631422.0,5759232.0,2011
838,22,Michigan,4742808.0,20209.0,4111481.0,9074095.0,9291599.0,2011
839,23,Minnesota (1),2248879.0,17519.0,2402947.0,4844731.0,4974537.0,2011
840,24,Mississippi (1),1050978.0,9012.0,948456.0,1989822.0,2083226.0,2011
841,25,Missouri,2440765.0,16087.0,2572195.0,5098246.0,5241742.0,2011
842,26,Montana ,435575.0,4789.0,731783.0,1200297.0,1238019.0,2011
843,27,Nebraska,766395.0,3712.0,1065473.0,1860935.0,1912977.0,2011
844,28,Nevada (1),1079145.0,3341.0,1000945.0,2123057.0,2181757.0,2011
845,29,New Hampshire,594931.0,3206.0,601080.0,1261823.0,1295145.0,2011
846,30,New Jersey (2),4416631.0,20583.0,3172253.0,7841362.0,8038550.0,2011
847,31,New Mexico,718457.0,4206.0,984465.0,1735810.0,1808270.0,2011
848,32,New York,5866664.0,48345.0,4169695.0,10207115.0,10654003.0,2011
849,33,North Carolina,3264444.0,18582.0,2743261.0,6131720.0,6367464.0,2011
850,34,North Dakota,328511.0,2616.0,422071.0,770932.0,800800.0,2011
851,35,Ohio,5412188.0,28327.0,4386240.0,10079963.0,10354591.0,2011
852,36,Oklahoma (1),1522613.0,8290.0,1770636.0,3377928.0,3479450.0,2011
853,37,Oregon,1472348.0,4500.0,1542955.0,3082191.0,3174049.0,2011
854,38,Pennsylvania,5484519.0,25536.0,4388029.0,10181087.0,10424873.0,2011
855,39,Rhode Island (2),527589.0,2027.0,356122.0,907276.0,930370.0,2011
856,40,South Carolina,1983691.0,8880.0,1726266.0,3769225.0,3885191.0,2011
857,41,South Dakota (1),384573.0,2585.0,538595.0,980687.0,1010159.0,2011
858,42,Tennessee (1),2637423.0,12771.0,2483721.0,5230271.0,5374399.0,2011
859,43,Texas (1),8964823.0,53655.0,10156094.0,19300461.0,19933649.0,2011
860,44,Utah,857948.0,5414.0,960618.0,1841296.0,1925524.0,2011
861,45,Vermont,286106.0,2129.0,286748.0,595302.0,614806.0,2011
862,46,Virginia,3827026.0,21194.0,2954336.0,6875666.0,7121104.0,2011
863,47,Washington (1),3037366.0,11984.0,2610557.0,5793065.0,5968521.0,2011
864,48,West Virginia,663436.0,5175.0,732047.0,1429109.0,1487335.0,2011
865,49,Wisconsin (1),2419096.0,14916.0,2492527.0,5179308.0,5309082.0,2011
866,50,Wyoming,241980.0,3534.0,522404.0,782297.0,814295.0,2011
867,0,Alabama,2042489.0,5699.0,2663979.0,4799456.0,4889808.644295301,2012
868,1,Alaska,193150.593571201,3487.0,546667.406428799,759137.0,791353.0,2012
869,2,Arizona,2124040.9187275656,20850.0,2869368.0812724344,5094661.384857922,5231367.937289729,2012
870,3,Arkansas (2),881271.7512954363,10535.0,1512023.2487045638,2417458.0,2542372.0,2012
871,4,California ,13223821.927741954,93305.0,13597502.072258046,27102864.0,28301436.2147651,2012
872,5,Colorado ,1746187.7218827298,11759.0,2620068.27811727,4511485.0,4612307.0,2012
873,6,Connecticut,1387078.5851024012,12085.0,1223963.4148975988,2665240.915080783,2747677.084919217,2012
874,7,Delaware,442113.0321035396,4465.0,466333.9678964604,933049.741713349,954234.2582866508,2012
875,8,Dist. of Col.,207048.24715219057,4302.0,106855.75284780943,302367.6095230403,342331.69920179195,2012
876,9,Florida ,7535855.708471723,31234.0,7479744.291528277,15515728.72180209,15816243.27819791,2012
877,10,Georgia (2),3321506.5741416705,41790.0,4082491.42585833,7546129.881241297,7747860.333523804,2012
878,11,Hawaii,521804.2730571529,2566.0,671844.726942847,1208409.0,1255075.0,2012
879,12,Idaho,577382.3252389927,2480.0,1000401.6747610073,1624752.5714336177,1663703.643331483,2012
880,13,Illinois (2),4717656.95834905,30344.0,5019227.04165095,10005887.513700614,10257878.486299386,2012
881,14,Indiana,2439140.69924212,8754.0,3333368.30075788,5949620.104179164,6059111.895820836,2012
882,15,Iowa (2),1343335.8172859126,9255.0,1978396.1827140877,3470521.0,3551579.0,2012
883,16,Kansas,959717.7482099265,4720.0,1403214.2517900732,2412811.3829920497,2485648.6170079503,2012
884,17,Kentucky (2),1533919.0073154366,9699.0,2026441.9926845634,3626579.52707378,3714552.47292622,2012
885,18,Louisiana (2),1499813.49850879,12517.0,2308788.5014912104,3839238.0000000005,3939594.0000000005,2012
886,19,Maine (2),474622.19436964847,1433.0,650768.8056303515,1166639.274002914,1193544.9407621862,2012
887,20,Maryland,1968035.3189732027,15687.0,1877705.6810267973,3919774.7456224384,4045693.2543775616,2012
888,21,Massachusetts (3),2481481.8441685624,11240.0,2333016.1558314376,4892133.6047972,5007584.3952028,2012
889,22,Michigan,3408669.4436969324,8711.0,4114562.556303067,7721095.681714941,7875768.318285059,2012
890,23,Minnesota (2),2148271.612759681,12657.0,2696310.387240319,5045226.123303859,5152787.87669614,2012
891,24,Mississippi (2),847668.5311963636,7887.0,1168320.4688036363,2017661.5916538327,2086618.4083461673,2012
892,25,Missouri,2398352.6506377417,6276.0,3104166.349362259,5629780.229281012,5739583.770718988,2012
893,26,Montana ,433264.0109778294,3725.0,892745.9890221707,1473908.6281587442,1503307.586606357,2012
894,27,Nebraska,732238.2496588901,3872.0,1099514.75034111,1843379.0,1933577.0,2012
895,28,Nevada (2),932804.8515672736,3863.0,1124022.1484327265,2104434.451657066,2156226.8369335392,2012
896,29,New Hampshire (4),560416.0009294471,3356.0,658791.9990705529,1288317.0622730518,1316564.9377269482,2012
897,30,New Jersey (3),3971265.375637917,19606.0,3588132.6243620827,7826575.932188202,7996372.067811796,2012
898,31,New Mexico,675737.0158571992,5411.0,1057975.9841428008,1771391.2018525437,1840188.7981474563,2012
899,32,New York (4),5076204.435534595,25684.0,5001442.5644654045,10273280.753125552,10624205.89116975,2012
900,33,North Carolina (5),3445364.5164476885,38164.0,4109821.5526178135,7691485.069065502,7893625.069065502,2012
901,34,North Dakota,249180.50675445018,2535.0,524628.4932455497,799149.7119313555,821560.2880686442,2012
902,35,Ohio,4738057.684624402,18185.0,5020317.315375598,10026819.984851569,10205676.015148431,2012
903,36,Oklahoma (2),1361338.8454775582,1946.0,1948971.1545224418,3404568.6875171256,3475305.742013076,2012
904,37,Oregon,1455989.2031687114,3178.0,1981946.7968312884,3486592.738960255,3567881.261039745,2012
905,38,Pennsylvania,4774517.325365553,36979.0,5240634.674634447,10335033.0,10607793.0,2012
906,39,Rhode Island (3),456426.3645237183,2182.0,362672.6354762817,838474.0,870244.0,2012
907,40,South Carolina,1712853.8575551813,17084.0,2054655.1424448185,3846337.7153098155,3947326.2846901836,2012
908,41,South Dakota (2),331662.41949737497,2280.0,596276.5805026251,985165.0,1021977.0,2012
909,42,Tennessee (2),2232583.528207904,12028.0,2980483.471792096,5333525.166224381,5451796.833775619,2012
910,43,Texas (2),7821858.944936681,97685.0,11870179.055063318,19723760.0,20752484.0,2012
911,44,Utah,832196.8723521696,6653.0,1079672.1276478304,1954033.0,2008648.0738255032,2012
912,45,Vermont,251436.7850991708,2088.0,322725.21490082913,599470.5643423444,614411.4356576554,2012
913,46,Virginia,3305910.8422401086,31217.0,3580174.1577598914,6996285.0,7237297.0,2012
914,47,Washington (2),2542746.9976162966,20308.0,3069589.0023837034,5777408.88613655,5922481.328628549,2012
915,48,West Virginia,537130.5576918265,4472.0,859278.4423081735,1413776.0,1503828.0,2012
916,49,Wisconsin (2),2221496.6838003965,15311.0,2697512.3161996035,5128854.0,5301734.0,2012
917,50,Wyoming,212788.607246654,2960.0,552337.392753346,787056.313931588,811753.686068412,2012
918,0,Alabama,2074969.0,5406.0,2588760.0,4741725.0,4832713.0,2013
919,1,Alaska,201042.0,3540.0,549036.0,769739.0,801911.0,2013
920,2,Arizona,2257249.0,20989.0,2914452.0,5313382.0,5448718.0,2013
921,3,Arkansas,865210.0,10395.0,1468158.0,2351608.0,2484310.0,2013
922,4,California ,13822505.0,92884.0,13359688.0,27454604.0,28695350.0,2013
923,5,Colorado ,1819608.0,11758.0,2667495.0,4629112.0,4737708.0,2013
924,6,Connecticut,1474581.0,12379.0,1277524.0,2805715.0,2905361.0,2013
925,7,Delaware,448155.0,4507.0,464724.0,941521.0,953363.0,2013
926,8,Dist. of Col.,218642.0,4294.0,105667.0,311418.0,354128.0,2013
927,9,Florida ,7425492.0,58744.0,7102047.0,14863717.0,15399753.0,2013
928,10,Georgia ,3435040.0,41776.0,4103397.0,7680743.0,7879949.0,2013
929,11,Hawaii,568238.0,3032.0,722858.0,1311622.0,1357762.0,2013
930,12,Idaho,598877.0,3132.0,1025504.0,1682332.0,1702582.0,2013
931,13,Illinois ,4796992.0,33571.0,5010557.0,10065035.0,10321841.0,2013
932,14,Indiana,2264905.0,10161.0,3080330.0,5558307.0,5589745.0,2013
933,15,Iowa (2),1366389.0,9265.0,1981815.0,3500358.0,3581168.0,2013
934,16,Kansas,1031234.0,4879.0,1492563.0,2591540.0,2664150.0,2013
935,17,Kentucky,1714904.0,9747.0,2197276.0,3988089.0,4075407.0,2013
936,18,Louisiana,1506504.0,28975.0,2307917.0,3870575.0,4043773.0,2013
937,19,Maine (2),487896.0,1533.0,646591.0,1185665.0,1212603.0,2013
938,20,Maryland,1918606.0,15826.0,1799534.0,3770903.0,3896149.0,2013
939,21,Massachusetts ,2510780.0,11049.0,2338497.0,4926795.0,5044101.0,2013
940,22,Michigan,3593751.0,8686.0,4322639.0,8115876.0,8268860.0,2013
941,23,Minnesota (2),2212406.0,12438.0,2757387.0,5165484.0,5273496.0,2013
942,24,Mississippi ,871806.0,8056.0,1165240.0,2057444.0,2089626.0,2013
943,25,Missouri,2484904.0,5458.0,3145571.0,5766381.0,5874931.0,2013
944,26,Montana ,444707.0,4428.0,919711.0,1532796.0,1547066.0,2013
945,27,Nebraska,733008.0,3830.0,1098191.0,1843969.0,1938537.0,2013
946,28,Nevada,977852.0,3938.0,1150631.0,2177297.0,2228895.0,2013
947,29,New Hampshire,625391.0,2524.0,707409.0,1397387.0,1420485.0,2013
948,30,New Jersey ,3644546.0,20245.0,3244441.0,6984031.0,7138655.0,2013
949,31,New Mexico,716439.0,5460.0,1095246.0,1848458.0,1916474.0,2013
950,32,New York (3),5203357.0,25738.0,5099921.0,10499877.0,10848393.0,2013
951,33,North Carolina,3495804.0,31278.0,4091279.0,7730401.0,7897307.0,2013
952,34,North Dakota,255183.0,2621.0,551549.0,827349.0,862869.0,2013
953,35,Ohio,4862768.0,41969.0,5053364.0,10219124.0,10501606.0,2013
954,36,Oklahoma (2),1376118.0,2113.0,1954898.0,3426046.0,3493978.0,2013
955,37,Oregon,1520784.0,3178.0,1990066.0,3563687.0,3643963.0,2013
956,38,Pennsylvania,4809900.0,54503.0,5195797.0,10340110.0,10582106.0,2013
957,39,Rhode Island ,459393.0,2115.0,359392.0,837068.0,869236.0,2013
958,40,South Carolina,1750642.0,18080.0,2104537.0,3890038.0,4083110.0,2013
959,41,South Dakota ,331920.0,2692.0,593851.0,990289.0,1040057.0,2013
960,42,Tennessee (2),2284326.0,25810.0,2977977.0,5308948.0,5594918.0,2013
961,43,Texas ,7954906.0,99482.0,11672891.0,19661400.0,20680870.0,2013
962,44,Utah,876036.0,5491.0,1114015.0,2042099.0,2078925.0,2013
963,45,Vermont,258801.0,2117.0,322094.0,603956.0,619622.0,2013
964,46,Virginia,3296365.0,31639.0,3533323.0,6917437.0,7184595.0,2013
965,47,Washington (2),2800255.0,21792.0,3343720.0,6319786.0,6465894.0,2013
966,48,West Virginia,541900.0,4526.0,848948.0,1412376.0,1494414.0,2013
967,49,Wisconsin ,2256529.0,15307.0,2743545.0,5242937.0,5434581.0,2013
968,50,Wyoming,228731.0,1194.0,569217.0,826121.0,834957.0,2013
969,0,Alabama,2524144.909668986,5397.0,2721533.619329512,5320910.0,5412777.057996998,2014
970,1,Alaska,195389.24032061448,3497.7757255936676,569455.7596793856,784785.7757255938,816079.7757255938,2014
971,2,Arizona,2320664.410983109,21041.574689826302,3065391.4920652993,5520277.574689826,5655751.380786642,2014
972,3,Arkansas,989290.7001103266,11536.0,1684912.5175640348,2729305.0,2828015.435348722,2014
973,4,California ,14065988.556660097,93064.0,13713822.443339903,27943364.0,29429928.0,2014
974,5,Colorado ,1806484.8663985676,12033.0,2813912.1336014327,4763196.0,4878048.0,2014
975,6,Connecticut,1430899.9368963519,12607.0,1333620.8514348264,2825191.0,2907728.576662356,2014
976,7,Delaware,441745.4110338369,4505.0,481025.5963372234,953449.0020362283,961889.0020362283,2014
977,8,Dist. of Col.,216156.21974211594,2658.0761142172723,111066.26001805456,314417.052312433,354244.90878568334,2014
978,9,Florida ,7543890.218125266,59978.0,7342823.142271895,15234289.0,15775339.720794324,2014
979,10,Georgia ,3567887.62342572,41443.0,4346201.37657428,8006011.0,8304203.0,2014
980,11,Hawaii,591971.4595484495,2930.0,755536.5404515505,1370009.0,1416509.0,2014
981,12,Idaho,608670.8644548368,3404.0,1084421.1355451632,1752573.0,1772801.0,2014
982,13,Illinois ,4795379.736761806,30882.0,5215943.237874489,10294838.0,10492167.949272588,2014
983,14,Indiana,2395758.989806325,9075.0,3385106.010193675,6000177.0,6025013.0,2014
984,15,Iowa ,1349292.601152269,8840.0,2051146.398847731,3556047.0,3637013.0,2014
985,16,Kansas,978611.5156134139,3425.512797764897,1463824.1659864634,2506293.0,2579063.3887952846,2014
986,17,Kentucky,1749979.26360545,9689.99507096525,2277955.392784289,4105038.2686999175,4192403.0342214913,2014
987,18,Louisiana,1459340.4050880228,33069.0,2280282.594911977,3800638.0,3973230.0,2014
988,19,Maine (2),471716.7351353143,3862.0,667458.9365963571,1180418.0,1208903.343463343,2014
989,20,Maryland,1989816.2428059313,11392.0,1925599.0571940688,3958061.0,4146119.5999999996,2014
990,21,Massachusetts ,2438254.2138963384,13223.950182786672,2417691.7231993806,4934722.1464657895,5054156.753707785,2014
991,22,Michigan,3445806.5692242556,8640.39370767728,4413477.2831261065,8050119.555567111,8202554.936548968,2014
992,23,Minnesota (3),2162403.011730411,12699.79534085028,2810678.714243146,5168922.779762061,5277455.291952986,2014
993,24,Mississippi ,857667.4199917472,7910.0,1173754.5800082528,2051664.0,2083948.0,2014
994,25,Missouri,2231294.259668606,5901.100619962062,2941906.959103314,5278399.100619962,5387403.5381638035,2014
995,26,Montana ,436580.5971986746,4494.0,960861.4028013254,1578224.0,1593436.0,2014
996,27,Nebraska,751543.8960436225,3931.0,1139635.1039563776,1904711.0,1990543.0,2014
997,28,Nevada,990113.1468618507,3970.253203522982,1174533.948165699,2214409.5572408857,2266585.493927378,2014
998,29,New Hampshire,559174.4213465173,2818.0,672105.339812468,1296866.0,1323515.5223179706,2014
999,30,New Jersey ,3476346.2627703217,23829.0,3223961.5466389866,6777550.0,6970649.6188186165,2014
1000,31,New Mexico,724099.3768609564,7048.0,1134960.6758608767,1899679.0,1961733.1054436667,2014
1001,32,New York ,5159696.169825947,26172.0,5371541.830174053,10849792.0,10957448.0,2014
1002,33,North Carolina,3474767.7794294157,31318.0,4176301.2205705843,7741022.0,8011038.0,2014
1003,34,North Dakota,250998.07545275218,2692.0,579793.9245472477,851905.0,889557.0,2014
1004,35,Ohio,4806759.3786696885,39781.0,5202047.6213303115,10331882.0,10574834.0,2014
1005,36,Oklahoma ,1391802.2965123528,2183.0,1994415.7034876472,3495875.0,3539737.0,2014
1006,37,Oregon,1403517.2774574128,7619.0,1918575.7055152815,3376244.0,3459673.965945389,2014
1007,38,Pennsylvania,4711119.136328964,54766.0,5342556.863671036,10382518.0,10626996.0,2014
1008,39,Rhode Island ,455520.12375031813,2118.0,375253.87624968187,849158.0,880366.0,2014
1009,40,South Carolina,1754081.343667142,17858.0,2131005.2289455016,3920425.0,4114796.1452252874,2014
1010,41,South Dakota ,324159.79279583046,2664.0,616421.2072041696,1006019.0,1059391.0,2014
1011,42,Tennessee ,2273512.506464861,26029.0,3031395.493535139,5346232.0,5645062.0,2014
1012,43,Texas ,8140320.841378022,101845.0,12189465.158621976,20352980.0,21401072.0,2014
1013,44,Utah,895718.227207092,4805.0,1175958.7727929081,2123882.0,2177264.0,2014
1014,45,Vermont,244026.55218775748,1998.0,336306.65962669667,603595.0,621279.4236289083,2014
1015,46,Virginia,3309479.1988413157,32207.0,3623180.8011586843,7022170.0,7298024.0,2014
1016,47,Washington ,2748938.0914649013,21394.0,3405328.3329846472,6324421.0,6486545.848899098,2014
1017,48,West Virginia,576821.3478300604,3427.0,915665.6521699396,1509835.0,1596549.0,2014
1018,49,Wisconsin ,2194649.5749730635,13037.0,2851317.4250269365,5256511.0,5423799.0,2014
1019,50,Wyoming,216593.91625555998,1318.8907887745738,571211.3429688216,815354.25180104,824859.7023154583,2014
